,Chest circumference,Chest circumference ,Shoulder breadth,Shoulder breadth ,Size,Unnamed: 0,Waist circumference,Weight,Weight 
0,,526.0,,282.0,,0.0,475.0,,155.0
1,,728.0,,389.0,,1.0,641.0,,351.0
2,,775.0,,396.0,,2.0,664.0,,499.0
3,,859.0,,402.0,,3.0,723.0,,558.0
4,,869.0,,425.0,,4.0,783.0,,496.0
5,,841.0,,416.0,,5.0,688.0,,548.0
6,,701.0,,346.0,,6.0,580.0,,368.0
7,,,,,,,,155.0,
8,,,747.6283531552044,,,,,,
9,517.8849339497308,,,,,,,,
10,,,,,,,919.7887162193468,,
